uf,cargo,turno,instituto,coleta_ini,coleta_fim,divulgacao,amostra,margem,contratante,registro_TSE,fonte,Celina_Leao_PP,Arruda_PSD,Leandro_Grass_PT,Paula_Belmonte_PSDB,Cappelli_PSB,Kiko_NOVO,branco_nulo,indecisos,obs
DF,Governador,1T,Exata OP,2026-07-01,2026-07-03,2026-07-08,,,—,—,https://ncnews.com.br/2026/07/08/celina-leao-larga-na-frente-em-nova-pesquisa-para-o-gdf-disputa-de-2026-ganha-forca-no-df,16.8,5.6,8.4,,2.5,1.2,,,espontanea
DF,Governador,1T,IGAPE,2026-07-15,2026-07-19,2026-07-21,2000.0,2.2,TV Atual (Record News),DF-09796/2026,https://static.poder360.com.br/uploads/2026/07/RELATORIO-IGAPE-BRASILIA-JULHO-2026-DF-09796-2026_compressed.pdf,33.1,25.8,9.6,3.9,4.0,2.4,,16.6,estimulada; Izalci 4.7%
DF,Governador,1T,Paraná Pesquisas,2026-07-17,2026-07-19,2026-07-20,1500.0,2.6,recursos proprios,DF-02360/2026,https://www.congressoemfoco.com.br/noticia/120630/governo-de-celina-leao-tem-58-3-de-aprovacao-no-df-aponta-pesquisa,34.6,,,,,,,,faixa 34.6-45.9 conforme cenario; aprovacao 58.3%
DF,Governador,1T,Correio/Opiniao,2026-08-01,2026-08-05,2026-08-06,,,Correio Braziliense,DF-04077/2026,https://www.correiobraziliense.com.br/cidades-df/2026/08/7474492-pesquisa-correio-opiniao-aponta-novos-cenarios-na-corrida-ao-buriti.html,,,,,,,,,Celina lidera esp+est; Arruda 2o; ver 2T
DF,Governador,1T,Real Time Big Data,2026-08-14,2026-08-18,2026-08-19,1600.0,2.0,recursos proprios,DF-07849/2026,https://www.cnnbrasil.com.br/eleicoes/real-time-celina-lidera-todos-os-cenarios-1o-e-2o-turnos-ao-governo-do-df,34.0,22.0,18.0,6.0,5.0,,6.0,8.0,outros somam 1%
DF,Governador,1T,Quaest,2026-08-21,2026-08-24,2026-08-27,1104.0,3.0,Globo,DF-06256/2026,https://g1.globo.com/df/distrito-federal/eleicoes/2026/noticia/2026/08/27/quaest-no-df-veja-intencao-de-voto-para-governador-por-sexo-raca-idade-escolaridade-religiao-renda-e-identificacao-politica.ghtml,34.0,20.0,13.0,,,,10.0,12.0,detalhado por segmento no G1
DF,Governador,1T,AtlasIntel,2026-08-27,2026-09-01,2026-09-03,1193.0,3.0,recursos proprios,DF-02018/2026,https://www.gazetadopovo.com.br/eleicoes/2026/pesquisa-eleitoral-2026/atlasintel-governador-distrito-federal-setembro-2026,30.7,14.2,29.0,8.2,5.8,4.3,2.8,3.6,empate tecnico Celina x Grass; Samara 1.3%
DF,Governador,1T,Quaest,2026-09-19,2026-09-22,2026-09-23,1104.0,3.0,Globo,DF-02596/2026,https://oglobo.globo.com/blogs/pulso/post/2026/09/quaest-michelle-bolsonaro-mantem-lideranca-na-disputa-pelo-senado-no-df-com-26percent-leila-do-volei-sobe-para-19percent.ghtml,33.0,,,,,,,,gov: Celina 33% (era 35%)
DF,Governador,1T,Datafolha,2026-09-22,2026-09-24,2026-09-24,910.0,3.0,Globo/Folha,DF-01888/2026,https://g1.globo.com/df/distrito-federal/eleicoes/2026/noticia/2026/09/24/datafolha-df-governador-segundo-turno-24-setembro.ghtml,42.0,,23.0,7.0,,,,,1T: ver Quaest/Datafolha G1 24-25set; 2T detalhado em aba 2T
DF,Governador,1T,Quaest,2026-09-25,2026-09-28,2026-09-29,1104.0,3.0,Globo,DF-02515/2026,https://www.metropoles.com/colunas/grande-angular/quaest-michelle-leila-bia-e-erika-tem-26-20-18-e-16-para-senado,39,12,23,9,3,2,11,11,Cenario1 sem Arruda: Celina 39 Grass 23 Belmonte 9 Cappelli 3 Kiko 2 Samara 1 Robson 1; Cenario2 com Arruda: Celina 36 Grass 22 Arruda 12; esp Celina 29 Grass 17 Arruda 4; 2T Celina 54x31 Grass (G1 29/09)
DF,Governador,1T,Paraná Pesquisas (detalhe),2026-07-17,2026-07-19,2026-07-20,1500.0,2.6,recursos proprios R$45mil,DF-01326/2026,voxia/parana,34.6,28.1,11.9,3.6,4.5,1.3,9.1,6.8,COM Arruda; SEM Arruda: Celina 45.9 Grass 16.3 Belmonte 7.2 Cappelli 5.7; rej Arruda 27.9 Celina 26.3
DF,Governador,1T,Datafolha,2026-08-18,2026-08-21,2026-08-21,910.0,3.0,Globo/Folha,DF-07561/2026,valor/metropoles 21/08,30.0,28.0,11.0,4.0,3.0,2.0,11.0,8.0,empate tecnico; esp Celina 21 Arruda 12 Grass 6; Samara 2
DF,Governador,1T,Quaest,2026-09-04,2026-09-07,2026-09-08,1104.0,3.0,Globo,DF-01987/2026,cnn/uol 08/09,35.0,18.0,17.0,4.0,2.0,1.0,7.0,15.0,esp Celina 23 Arruda 8 Grass 11
DF,Governador,1T,Real Time Big Data,2026-09-01,2026-09-05,2026-09-09,2000.0,2.0,recursos proprios,—,exame 09/09,35.0,20.0,20.0,7.0,4.0,,7.0,7.0,SEM Arruda: Celina 46 Grass 23 Belmonte 10; esp 17/9/6; rej Arruda 52 Celina 40; aprov 58x39
DF,Governador,1T,Datafolha,2026-09-08,2026-09-11,2026-09-11,910.0,3.0,Globo/Folha,DF-06055/2026,folha/gps 11/09,40.0,17.0,16.0,6.0,3.0,3.0,8.0,3.0,esp Celina 30 Arruda 11 Grass 11; SEM Arruda Celina 45 Grass 19; validos 45/19/19 e 54/23; rej Arruda 33
DF,Governador,1T,Quaest,2026-09-19,2026-09-22,2026-09-23,1104.0,3.0,Globo,DF-02596/2026,g1/cnn 23/09,33.0,17.0,21.0,5.0,2.0,2.0,,,esp Celina 22 Grass 15 Arruda 8; Grass e Arruda empatados 2o
DF,Governador,1T,Correio/Opiniao,2026-09-18,2026-09-22,2026-09-23,1132.0,3.1,Correio Braziliense,DF-03622/2026,correiobraziliense 23/09,32.9,,,,,,,,31 RAs presencial; Celina lidera esp+est
DF,Governador,1T validos,Quaest VESPERA,2026-10-01,2026-10-03,2026-10-03,1104,3.0,Globo,DF-02515/2026,g1/cnn/uol 03/10 véspera,53.0,,32.0,10.0,2.0,2.0,,,"VALIDOS: Celina 53 Grass 32 Belmonte 10 Cappelli 2 Kiko 2 Samara 1; 2T Celina 50x33 Grass, 47x31 Belmonte"
DF,Senador,vespera,Quaest VESPERA,2026-10-01,2026-10-03,2026-10-03,1104,3.0,Globo,DF-02515/2026,uol 03/10,,,,,,,,,SENADO DF vespera: Michelle 31 Leila 27 Bia 24 (UOL)
