uf,instituto,registro,cenario,Tarcisio,Haddad
SP,Datafolha 08-10/set,SP-04189/2026,Tarcisio x Haddad,56.0,35.0
SP,Quaest 19-22/set,SP-02456/2026,Tarcisio x Haddad,49.0,30.0
SP,Quaest 25-28/set,SP-01590/2026,Tarcisio x Haddad,49.0,29.0
SP,Gerp 28-30/set,SP-04091/2026,Tarcisio x Haddad,56.0,36.0
SP,AtlasIntel 29ago-03set,—,Tarcisio x Haddad,52.0,44.0
SP,Paraná 21-24/ago,—,Tarcisio x Haddad,52.8,36.4
SP,Datafolha mar/2026,—,Tarcisio x Haddad,52.0,37.0
SP,Datafolha mar/2026,—,Tarcisio x Alckmin,50.0,39.0
SP,Datafolha mar/2026,—,Tarcisio x Tebet,58.0,28.0
SP,Atlas mar SP-00899,SP-00899/2026,Tarcisio x Haddad,53.5,43.2
SP,Genial/Quaest abr SP-03583,SP-03583/2026,Tarcisio x Haddad,49.0,32.0
SP,Parana jul SP-04624,SP-04624/2026,Tarcisio x Haddad,51.8,38.3
